{
  "SGD": {
    "best_lr": 0.01,
    "train_losses": [
      1.4563730004119873,
      1.0957285281562805,
      0.9537192269515992,
      0.8701387639045716,
      0.8035212556457519,
      0.7468456188201904,
      0.7027821764183044,
      0.6652047009468078,
      0.6335289134216309,
      0.5997832272720337,
      0.5704211963653565,
      0.5505889284515381,
      0.5196393291282654,
      0.5035517141723633,
      0.4813043409919739
    ],
    "val_losses": [
      1.1183462594032287,
      0.8924186614990235,
      0.8197258255004883,
      0.6844577945709228,
      0.6835136246681214,
      0.654766202545166,
      0.687551898097992,
      0.6542143447875977,
      0.6409315514564514,
      0.5244907004356384,
      0.5492559412956238,
      0.5294139912128448,
      0.5252359046459198,
      0.5063037634849549,
      0.488212867641449
    ],
    "val_accs": [
      0.595,
      0.6879,
      0.714,
      0.7609,
      0.7616,
      0.7713,
      0.7623,
      0.7795,
      0.7839,
      0.8195,
      0.8105,
      0.8156,
      0.8219,
      0.8233,
      0.8334
    ],
    "final_val_acc": 0.8334,
    "convergence_epoch": 14,
    "time_sec": 150.91218042373657
  },
  "Adam": {
    "best_lr": 0.0003,
    "train_losses": [
      1.493215282058716,
      1.1087643079948426,
      0.9583267511367798,
      0.8760874323844909,
      0.8159914303207397,
      0.7744988426971435,
      0.7324942280769348,
      0.7126686166000367,
      0.6879321516418457,
      0.6536314199829102,
      0.6324939754867553,
      0.6181806497192383,
      0.5953388412857056,
      0.5853416784858704,
      0.5637375545120239
    ],
    "val_losses": [
      1.225970304107666,
      0.9116799690246582,
      0.7894366923332214,
      0.7164520758628845,
      0.7648251836776734,
      0.7216747989654541,
      0.9344995400428772,
      0.6080743961334228,
      0.6353036539077759,
      0.7763951522827148,
      0.5907862658500671,
      0.5751475179195404,
      0.5399232067584991,
      0.5640485509872436,
      0.5597654937744141
    ],
    "val_accs": [
      0.5522,
      0.672,
      0.721,
      0.7492,
      0.7323,
      0.7448,
      0.6916,
      0.7871,
      0.7833,
      0.7465,
      0.7929,
      0.8033,
      0.8086,
      0.7994,
      0.8106
    ],
    "final_val_acc": 0.8106,
    "convergence_epoch": 13,
    "time_sec": 172.74506831169128
  },
  "Muon+AdamW": {
    "best_lr": 0.01,
    "train_losses": [
      1.283546088256836,
      0.9052660685920715,
      0.7935546098518371,
      0.7285439163780213,
      0.675603718509674,
      0.6338037420272827,
      0.6045999912643433,
      0.5742756915473938,
      0.5536092307662964,
      0.5234215132522583,
      0.5091293887996674,
      0.49328598596572876,
      0.468671138420105,
      0.46014814870834353,
      0.44762634560585024
    ],
    "val_losses": [
      0.8139662587165832,
      0.724865647315979,
      0.6251577265739441,
      0.618230761051178,
      0.5515765850067139,
      0.5319661814689636,
      0.5017056904792786,
      0.5019476752758026,
      0.4703943849563599,
      0.5143405630111695,
      0.46664803824424744,
      0.47088129563331604,
      0.4363630387306213,
      0.42905098097324373,
      0.4121498270511627
    ],
    "val_accs": [
      0.7128,
      0.7499,
      0.7845,
      0.7937,
      0.8159,
      0.822,
      0.8329,
      0.8334,
      0.8441,
      0.8374,
      0.8489,
      0.8509,
      0.8584,
      0.8646,
      0.8674
    ],
    "final_val_acc": 0.8674,
    "convergence_epoch": 14,
    "time_sec": 167.2056369781494
  }
}