{
  "SGD": {
    "best_lr": 0.05,
    "train_losses": [
      0.317113430873553,
      0.09555615010261535,
      0.062454544701178866,
      0.04432456456422806,
      0.03267543459534645,
      0.024246563154955703,
      0.017985199811061222,
      0.013219950747489929,
      0.009791997660696506,
      0.006079610751320919,
      0.004365326354652643,
      0.0027614142981668313,
      0.0018767583596209685,
      0.0014214890546786288,
      0.001216514204411457
    ],
    "val_losses": [
      0.12519715518951416,
      0.08710225179195404,
      0.07544366970062256,
      0.08123012406826019,
      0.07034066507816315,
      0.07693387355804443,
      0.06558945741653442,
      0.06433865184783935,
      0.0641498777270317,
      0.06575934833288193,
      0.066408463037014,
      0.06712721700668335,
      0.06076132960319519,
      0.06448610830307007,
      0.06107005121707916
    ],
    "val_accs": [
      0.9619,
      0.9716,
      0.9755,
      0.9742,
      0.9777,
      0.9775,
      0.9807,
      0.9821,
      0.983,
      0.982,
      0.9807,
      0.9813,
      0.9837,
      0.9833,
      0.9833
    ],
    "final_val_acc": 0.9833
  },
  "Adam": {
    "best_lr": 0.001,
    "train_losses": [
      0.3200904005527496,
      0.11493237743377685,
      0.07469318894545238,
      0.056706144034862516,
      0.04097431377867858,
      0.03383648795237144,
      0.02592824325549106,
      0.023359377853075663,
      0.020828531306485334,
      0.01670283727645874,
      0.016252050517002743,
      0.014763800163877508,
      0.015765955581267675,
      0.012586479471623897,
      0.01152827134815355
    ],
    "val_losses": [
      0.14021363101005554,
      0.0969407728433609,
      0.08247208623886108,
      0.08069924244880676,
      0.06748069128990174,
      0.059451245045661925,
      0.07492124185562134,
      0.06301269483566284,
      0.07590218436717987,
      0.06627419033050537,
      0.09784587996006013,
      0.07972021679878234,
      0.07389615087509155,
      0.0674075194120407,
      0.06790063951015472
    ],
    "val_accs": [
      0.9564,
      0.97,
      0.9739,
      0.9745,
      0.9781,
      0.982,
      0.9789,
      0.9818,
      0.9788,
      0.9804,
      0.9752,
      0.9803,
      0.9791,
      0.9818,
      0.9819
    ],
    "final_val_acc": 0.9819
  },
  "Muon+AdamW": {
    "best_lr": 0.005,
    "train_losses": [
      0.7249573972900708,
      0.077776873310407,
      0.028670474003752073,
      0.012586708645770947,
      0.007656320068426431,
      0.005128327227166544,
      0.005111653027310968,
      0.0049013202181629216,
      0.00460984427810957,
      0.004293266975771015,
      0.0038948489037090137,
      0.004581856945082351,
      0.005079052728422296,
      0.004989544233658429,
      0.003988924045890356
    ],
    "val_losses": [
      0.12720217714309692,
      0.06776488981246949,
      0.06076746735572815,
      0.06830064605474472,
      0.06991481360197067,
      0.07689230163097381,
      0.09161456727981568,
      0.09823162128925324,
      0.11509353070259094,
      0.11227738211154938,
      0.13618189601898192,
      0.12012159821987152,
      0.13569664089679717,
      0.13034009947776795,
      0.14523313689231873
    ],
    "val_accs": [
      0.9611,
      0.9788,
      0.9809,
      0.9802,
      0.9803,
      0.9821,
      0.9809,
      0.9798,
      0.9797,
      0.9803,
      0.9775,
      0.9814,
      0.9784,
      0.9818,
      0.9798
    ],
    "final_val_acc": 0.9798
  }
}